City_ID,City,Country,Lat,Lng,Max Temp,Humidity,Cloudiness,Wind Speed,Current Description
0,Jalu,LY,29.0331,21.5482,85.5,10,0,10.58,clear sky
1,Rikitea,PF,-23.1203,-134.9692,76.17,64,45,8.79,scattered clouds
2,Kuching,MY,1.55,110.3333,77.22,100,40,0.0,scattered clouds
3,Punta Arenas,CL,-53.15,-70.9167,44.11,70,25,26.91,scattered clouds
4,Nikolskoye,RU,59.7035,30.7861,31.91,95,71,1.63,broken clouds
5,Yerbogachen,RU,61.2767,108.0108,7.38,96,93,6.6,overcast clouds
6,Utete,TZ,-7.986,38.758,76.32,88,16,4.76,few clouds
7,Monteagudo,BO,-19.8167,-63.9833,87.28,37,76,5.35,broken clouds
8,Buraydah,SA,26.326,43.975,84.79,9,98,4.56,overcast clouds
9,Hithadhoo,MV,-0.6,73.0833,83.61,69,31,4.76,scattered clouds
10,Mount Gambier,AU,-37.8333,140.7667,52.7,94,21,3.0,few clouds
11,Vaini,TO,-21.2,-175.2,79.14,75,11,5.41,light rain
12,Presidente Medici,BR,-11.1753,-61.9014,85.19,67,50,2.15,scattered clouds
13,Gerash,IR,27.6652,54.1371,76.91,16,72,3.13,broken clouds
14,Mar Del Plata,AR,-38.0023,-57.5575,75.22,62,20,21.0,few clouds
15,Rivers,CA,50.0308,-100.2403,28.94,90,100,6.98,overcast clouds
16,Saint-Ambroise,CA,48.5501,-71.3324,34.07,78,98,3.44,overcast clouds
17,Bowen,AU,-20.0167,148.2333,77.77,80,26,7.78,scattered clouds
18,Constitucion,CL,-35.3333,-72.4167,62.11,43,1,18.68,clear sky
19,Gat,IL,31.61,34.7642,75.4,100,71,7.05,broken clouds
20,El Alto,PE,-4.2714,-81.2147,77.88,64,21,13.4,few clouds
21,Guerrero Negro,MX,27.9769,-114.0611,63.21,60,72,13.02,broken clouds
22,San Patricio,US,28.017,-97.5169,80.17,47,0,10.8,clear sky
23,Ostrovnoy,RU,68.0531,39.5131,18.0,89,100,9.46,overcast clouds
24,Ilulissat,GL,69.2167,-51.1,28.42,80,75,3.44,broken clouds
25,Inirida,CO,3.8653,-67.9239,81.86,80,99,3.47,overcast clouds
26,Castro,BR,-24.7911,-50.0119,70.0,77,96,7.83,overcast clouds
27,Karaton,ID,-6.3424,106.1045,74.05,91,100,3.69,overcast clouds
28,Torres,BR,-29.3353,-49.7269,72.82,78,92,16.33,light rain
29,Ushuaia,AR,-54.8,-68.3,43.0,67,39,9.89,light rain
30,Atuona,PF,-9.8,-139.0333,78.98,72,92,22.82,overcast clouds
31,Manuk Mangkaw,PH,4.8,119.85,81.16,75,99,7.47,overcast clouds
32,Bethel,US,41.3712,-73.414,45.68,86,100,1.01,moderate rain
33,Ust-Barguzin,RU,53.45,108.9833,17.56,84,100,1.48,overcast clouds
34,Iqaluit,CA,63.7506,-68.5145,26.33,86,75,23.02,broken clouds
35,Ambon,ID,-3.6954,128.1814,80.8,71,99,4.32,overcast clouds
36,New Norfolk,AU,-42.7826,147.0587,55.92,88,98,1.39,overcast clouds
37,Isangel,VU,-19.55,169.2667,79.95,85,100,8.39,overcast clouds
38,Miandrivazo,MG,-19.5167,45.4667,77.95,75,3,1.9,clear sky
39,Kuytun,RU,54.3419,101.5036,20.73,98,100,1.97,light snow
40,Fortuna,US,40.5982,-124.1573,50.94,83,100,11.5,overcast clouds
41,Kalmunai,LK,7.4167,81.8167,80.08,78,6,4.03,clear sky
42,Bushehr,IR,28.9684,50.8385,73.62,53,7,3.71,clear sky
43,Krasnoselkup,RU,65.7,82.4667,-1.75,100,70,5.55,broken clouds
44,Thompson,CA,55.7435,-97.8558,30.24,85,100,8.19,overcast clouds
45,Banda Aceh,ID,5.5577,95.3222,77.68,84,100,10.13,overcast clouds
46,Mahebourg,MU,-20.4081,57.7,79.25,78,75,11.5,broken clouds
47,Sao Joao Da Barra,BR,-21.6403,-41.0511,80.19,74,16,9.8,few clouds
48,Hede,CN,33.7681,120.2517,42.3,65,0,7.34,clear sky
49,Caravelas,BR,-17.7125,-39.2481,84.67,59,7,8.23,clear sky
50,Havre-Saint-Pierre,CA,50.2334,-63.5986,36.12,72,44,13.47,scattered clouds
51,Alice Springs,AU,-23.7,133.8833,53.15,54,0,0.0,clear sky
52,Saint-Philippe,RE,-21.3585,55.7679,74.79,88,100,15.59,moderate rain
53,Mataura,NZ,-46.1927,168.8643,44.8,98,63,1.48,broken clouds
54,Santa Vitoria Do Palmar,BR,-33.5189,-53.3681,70.07,73,100,9.46,overcast clouds
55,Georgetown,MY,5.4112,100.3354,78.73,93,40,3.44,scattered clouds
56,Port Elizabeth,ZA,-33.918,25.5701,68.09,96,40,9.22,scattered clouds
57,Urengoy,RU,65.9667,78.3667,-3.51,100,26,6.08,scattered clouds
58,Virginia Beach,US,36.8529,-75.978,69.06,45,14,13.82,few clouds
59,Coquimbo,CL,-29.9533,-71.3436,66.65,69,2,6.35,clear sky
60,Ribeira Grande,PT,38.5167,-28.7,64.8,72,40,11.5,scattered clouds
61,Kutum,SD,14.2,24.6667,85.33,10,99,9.86,overcast clouds
62,Chokurdakh,RU,70.6333,147.9167,-21.46,100,66,2.86,broken clouds
63,Albany,US,42.6001,-73.9662,45.03,73,100,3.15,moderate rain
64,Bluff,NZ,-46.6,168.3333,56.75,73,73,11.92,broken clouds
65,Zhangye,CN,38.9342,100.4517,48.94,17,96,4.38,overcast clouds
66,Zonguldak,TR,41.25,31.8333,45.72,71,54,8.9,broken clouds
67,Hobart,AU,-42.8794,147.3294,56.26,94,100,6.91,overcast clouds
68,Samarai,PG,-10.6167,150.6667,80.65,77,95,8.66,overcast clouds
69,Yar-Sale,RU,66.8333,70.8333,6.84,95,41,8.46,scattered clouds
70,Ormara,PK,25.2088,64.6357,77.9,71,8,8.77,clear sky
71,Arrigorriaga,ES,43.2101,-2.8856,47.35,59,75,21.0,broken clouds
72,Hasaki,JP,35.7333,140.8333,48.6,63,100,19.08,moderate rain
73,Faanui,PF,-16.4833,-151.75,81.36,76,11,9.31,few clouds
74,Acapulco,MX,16.8634,-99.8901,83.7,51,4,6.98,clear sky
75,Lincoln,US,40.8,-96.667,59.29,48,100,13.0,overcast clouds
76,Tuktoyaktuk,CA,69.4541,-133.0374,-16.29,100,100,2.77,overcast clouds
77,Salym,RU,60.0625,71.4789,30.6,96,100,15.55,snow
78,Nelson Bay,AU,-32.7167,152.15,64.0,90,100,7.0,overcast clouds
79,Belmonte,BR,-15.8631,-38.8828,84.15,62,9,7.87,clear sky
80,Upernavik,GL,72.7868,-56.1549,19.89,78,73,4.05,broken clouds
81,Bredasdorp,ZA,-34.5322,20.0403,63.21,83,54,6.51,broken clouds
82,Qaanaaq,GL,77.484,-69.3632,14.72,76,97,6.22,overcast clouds
83,Flinders,AU,-34.5833,150.8552,63.25,77,48,1.99,scattered clouds
84,Kapoeta,SS,4.7717,33.5903,90.1,28,92,11.74,overcast clouds
85,Harer,ET,9.3094,42.1258,73.22,36,95,5.44,overcast clouds
86,Butaritari,KI,3.0707,172.7902,81.1,72,50,13.85,scattered clouds
87,Yeppoon,AU,-23.1333,150.7333,71.38,74,8,11.25,clear sky
88,Srednekolymsk,RU,67.45,153.6833,-19.91,100,76,1.95,broken clouds
89,Avarua,CK,-21.2078,-159.775,73.45,100,100,1.14,overcast clouds
90,Nanortalik,GL,60.1432,-45.2371,37.2,82,99,4.54,overcast clouds
91,East London,ZA,-33.0153,27.9116,72.88,85,57,19.15,broken clouds
92,Berlin,DE,52.5244,13.4105,47.01,57,20,14.0,few clouds
93,Ewa Beach,US,21.3156,-158.0072,74.59,68,40,11.5,scattered clouds
94,Luderitz,NA,-26.6481,15.1594,62.44,86,0,10.02,clear sky
95,Jamestown,US,42.097,-79.2353,35.24,72,100,9.22,overcast clouds
96,Busselton,AU,-33.65,115.3333,63.05,82,59,14.97,broken clouds
97,Tubuala,PA,9.5167,-79.0333,81.57,78,82,8.28,broken clouds
98,Port Augusta,AU,-32.5,137.7667,61.02,62,0,4.32,clear sky
99,Sitio Novo Do Tocantins,BR,-5.5183,-47.4611,85.8,73,55,6.93,broken clouds
100,Airai,TL,-8.9266,125.4092,57.56,81,72,1.54,broken clouds
101,Porto Velho,BR,-8.7619,-63.9039,82.45,69,75,2.3,broken clouds
102,Solwezi,ZM,-12.1688,26.3894,64.47,94,50,4.21,scattered clouds
103,Port-Gentil,GA,-0.7193,8.7815,81.77,78,52,11.72,broken clouds
104,Tasiilaq,GL,65.6145,-37.6368,32.16,85,100,2.62,overcast clouds
105,Collie,AU,-33.3667,116.15,60.12,92,100,8.7,overcast clouds
106,Gizo,SB,-8.103,156.8419,81.77,77,67,8.39,broken clouds
107,Tuatapere,NZ,-46.1333,167.6833,47.39,92,63,2.55,broken clouds
108,Port Alfred,ZA,-33.5906,26.891,72.18,88,54,5.01,broken clouds
109,San Juan,AR,-31.5375,-68.5364,72.55,29,19,27.27,few clouds
110,Vestmannaeyjar,IS,63.4427,-20.2734,43.79,93,75,19.57,broken clouds
111,Kaitangata,NZ,-46.2817,169.8464,46.2,95,73,4.9,broken clouds
112,Quatre Cocos,MU,-20.2078,57.7625,79.09,79,74,13.8,broken clouds
113,Neiafu,TO,-18.65,-173.9833,81.57,74,7,10.45,light rain
114,Inhambane,MZ,-23.865,35.3833,78.03,70,4,11.43,clear sky
115,Namatanai,PG,-3.6667,152.4333,78.87,84,100,2.51,light rain
116,Saldanha,ZA,-33.0117,17.9442,63.3,74,0,6.26,clear sky
117,Doha,QA,25.2867,51.5333,84.18,16,0,5.75,clear sky
118,Arraial Do Cabo,BR,-22.9661,-42.0278,78.55,78,13,8.12,few clouds
119,Bambous Virieux,MU,-20.3428,57.7575,79.21,78,75,10.36,broken clouds
120,Victoria,HK,22.2855,114.1577,66.38,72,0,15.99,clear sky
121,Torbay,CA,47.6666,-52.7314,42.28,75,100,21.85,overcast clouds
122,Jiaohe,CN,43.7286,127.3447,41.25,58,0,5.91,clear sky
123,Bolobo,CD,-2.1667,16.2333,78.31,73,92,0.81,overcast clouds
124,Nsanje,MW,-16.92,35.262,75.4,93,62,2.71,broken clouds
125,Jhinjhak,IN,26.5667,79.7333,85.96,6,3,4.92,clear sky
126,Ponta Do Sol,PT,32.6667,-17.1,61.0,84,100,13.31,overcast clouds
127,Clyde River,CA,70.4692,-68.5914,13.5,88,62,1.7,broken clouds
128,Cape Town,ZA,-33.9258,18.4232,68.41,75,40,13.8,scattered clouds
129,Salalah,OM,17.0151,54.0924,79.72,58,2,0.83,clear sky
130,Rio Gallegos,AR,-51.6226,-69.2181,49.51,50,91,28.45,overcast clouds
131,Quelimane,MZ,-17.8786,36.8883,75.34,87,44,5.26,scattered clouds
132,Barrow,US,71.2906,-156.7887,-7.58,71,0,16.11,clear sky
133,Aniva,RU,46.7144,142.5294,37.98,86,0,15.23,clear sky
134,Paamiut,GL,61.994,-49.6678,34.63,80,96,7.67,overcast clouds
135,Mabaruma,GY,8.2,-59.7833,85.69,57,91,7.94,overcast clouds
136,Dauphin,CA,51.1494,-100.0502,31.84,80,85,2.17,overcast clouds
137,Beringovskiy,RU,63.05,179.3167,-9.83,94,76,13.82,broken clouds
138,Chuy,UY,-33.6971,-53.4616,71.15,70,100,10.56,moderate rain
139,Kavieng,PG,-2.5744,150.7967,80.69,80,95,6.35,moderate rain
140,Waingapu,ID,-9.6567,120.2641,77.14,82,67,2.57,broken clouds
141,Kharp,RU,66.8014,65.8081,7.77,98,78,6.04,broken clouds
142,Provideniya,RU,64.3833,-173.3,0.27,76,0,8.25,clear sky
143,San Cristobal,VE,7.7669,-72.225,83.39,48,95,6.51,overcast clouds
144,Kapaa,US,22.0752,-159.319,72.19,88,54,3.0,broken clouds
145,Razumnoye,RU,50.5344,36.6846,36.68,80,75,8.95,broken clouds
146,Russell,US,32.3502,-85.1999,71.96,40,0,7.18,clear sky
147,Mbala,ZM,-8.8402,31.3659,62.58,89,94,3.33,overcast clouds
148,Talnakh,RU,69.4865,88.3972,3.54,97,98,4.45,overcast clouds
149,Yellowknife,CA,62.456,-114.3525,12.42,76,90,11.99,overcast clouds
150,Dingle,PH,10.9995,122.6711,75.88,88,60,6.91,broken clouds
151,Kodiak,US,57.79,-152.4072,33.12,94,94,6.13,light snow
152,Dikson,RU,73.5069,80.5464,-1.62,99,87,9.51,overcast clouds
153,Kungurtug,RU,50.5994,97.5228,30.7,85,99,2.08,overcast clouds
154,Pevek,RU,69.7008,170.3133,-21.21,96,18,3.11,few clouds
155,Cidreira,BR,-30.1811,-50.2056,68.92,94,100,15.12,overcast clouds
156,Buchanan,LR,5.8808,-10.0467,83.32,72,59,10.85,broken clouds
157,Antalaha,MG,-14.9003,50.2788,77.34,83,45,10.16,scattered clouds
158,Nouadhibou,MR,20.931,-17.0347,65.3,84,0,12.12,clear sky
159,Lasa,IT,46.6166,10.7002,43.7,91,99,1.23,overcast clouds
160,Kirakira,SB,-10.4544,161.9205,80.24,85,93,8.14,overcast clouds
161,Klaksvik,FO,62.2266,-6.589,47.32,98,100,18.39,overcast clouds
162,Rio Cuarto,AR,-33.1307,-64.3499,67.68,28,1,17.07,clear sky
163,Khatanga,RU,71.9667,102.5,-25.82,100,99,4.59,overcast clouds
164,Saskylakh,RU,71.9167,114.0833,-6.45,98,100,8.32,overcast clouds
165,Keti Bandar,PK,24.1447,67.4497,79.41,63,0,9.84,clear sky
166,Sinnamary,GF,5.3833,-52.95,80.58,83,37,11.25,scattered clouds
167,Tomatlan,MX,19.9333,-105.25,83.82,41,98,4.65,overcast clouds
168,Najran,SA,17.4924,44.1277,74.28,11,2,7.47,clear sky
169,Luau,AO,-10.7073,22.2247,67.73,93,87,3.83,overcast clouds
170,Kohima,IN,25.6667,94.1167,59.92,82,9,3.53,moderate rain
171,Itoman,JP,26.1247,127.6694,66.22,72,100,11.5,overcast clouds
172,Sao Sebastiao,BR,-23.76,-45.4097,81.16,71,22,6.6,few clouds
173,Lagoa,PT,39.05,-27.9833,59.34,79,5,19.44,clear sky
174,Champerico,GT,14.3,-91.9167,86.77,59,10,12.12,clear sky
175,Turukhansk,RU,65.8167,87.9833,-2.61,100,21,3.11,few clouds
176,Santa Comba,ES,43.0331,-8.8093,51.78,53,33,10.83,scattered clouds
177,Carnarvon,AU,-24.8667,113.6333,77.4,78,4,8.59,clear sky
178,Kibondo,TZ,-3.5864,30.7203,66.96,81,91,2.77,overcast clouds
179,Camargo,MX,27.6667,-105.1667,76.87,11,87,4.32,overcast clouds
180,Do Gonbadan,IR,30.3586,50.7981,76.17,18,13,3.85,few clouds
181,Kesova Gora,RU,57.5836,37.2922,21.43,86,96,7.63,overcast clouds
182,Touros,BR,-5.1989,-35.4608,83.05,74,97,14.29,light rain
183,Norman Wells,CA,65.282,-126.8329,-2.92,94,100,2.3,overcast clouds
184,Lebu,CL,-37.6167,-73.65,56.5,61,6,12.39,clear sky
185,Hervey Bay,AU,-25.2986,152.8535,69.03,90,4,7.0,clear sky
186,Dunedin,NZ,-45.8742,170.5036,56.8,75,53,3.0,broken clouds
187,Krasnaya Gorbatka,RU,55.8703,41.7641,30.96,96,100,7.11,light snow
188,Suwalki,PL,54.1118,22.9309,32.74,51,32,9.22,scattered clouds
189,Luanda,AO,-8.8368,13.2343,82.4,74,75,9.22,broken clouds
190,Yumen,CN,40.2833,97.2,47.21,22,3,14.05,clear sky
191,Mapiripan,CO,2.8892,-72.1256,84.76,66,98,6.22,overcast clouds
192,Sitka,US,57.0531,-135.33,40.89,81,100,29.93,light rain
193,Saint-Gaudens,FR,43.0833,0.6667,40.03,64,98,5.57,light rain
194,Annau,TM,37.8876,58.516,78.19,18,3,5.86,clear sky
195,Kemijarvi,FI,66.7131,27.4306,20.25,90,100,1.12,overcast clouds
196,Kiunga,PG,-6.1219,141.2906,72.72,95,91,1.57,overcast clouds
197,Te Anau,NZ,-45.4167,167.7167,46.58,81,61,0.63,broken clouds
198,Dali,CN,25.7,100.1833,50.7,81,50,3.42,scattered clouds
199,Fayetteville,US,35.0527,-78.8784,70.59,29,0,10.0,clear sky
200,Bengkulu,ID,-3.8004,102.2655,77.0,82,60,4.72,broken clouds
201,Krasnyy Yar,RU,46.5331,48.3456,67.96,43,93,7.61,overcast clouds
202,Kudahuvadhoo,MV,2.6708,72.8944,83.32,63,10,1.72,clear sky
203,Lozuvatka,UA,48.0571,33.2858,41.13,86,99,8.75,overcast clouds
204,Raga,SS,8.4596,25.678,87.58,41,93,8.95,overcast clouds
205,Lufilufi,WS,-13.8745,-171.5986,82.15,75,16,13.27,few clouds
206,Ancud,CL,-41.8697,-73.8203,51.22,61,68,10.18,broken clouds
207,Kahului,US,20.8947,-156.47,74.84,82,55,8.99,broken clouds
208,Puerto Ayora,EC,-0.7393,-90.3518,81.46,77,91,10.29,overcast clouds
209,Fukue,JP,32.6881,128.8419,55.02,58,0,18.1,clear sky
210,Hay River,CA,60.8156,-115.7999,19.38,58,40,12.66,scattered clouds
211,Aksu,CN,41.1231,80.2644,61.23,26,0,3.49,clear sky
212,Betioky,MG,-23.7167,44.3833,78.21,47,18,9.86,few clouds
213,Ambulu,ID,-8.345,113.6058,75.81,90,23,2.73,few clouds
214,Matagami,CA,49.7502,-77.6328,35.82,88,100,4.16,overcast clouds
215,Saint-Augustin,CA,51.226,-58.6502,35.91,100,100,17.02,overcast clouds
216,Maceio,BR,-9.6658,-35.7353,81.84,74,75,13.8,broken clouds
217,Hami,CN,42.8,93.45,55.8,24,12,9.75,few clouds
218,Saryozek,KZ,44.3583,77.9753,52.63,45,0,5.84,clear sky
219,Hobyo,SO,5.3505,48.5268,82.33,74,9,10.85,clear sky
220,Hastings,GB,50.8552,0.5729,49.39,49,87,10.83,overcast clouds
221,Cabo San Lucas,MX,22.8909,-109.9124,77.5,52,3,3.0,clear sky
222,Wajid,SO,3.8093,43.2471,90.18,25,66,12.53,broken clouds
223,Morehead,US,37.2711,-87.1764,57.99,42,0,4.61,clear sky
224,Daru,PG,-9.0763,143.2092,78.57,83,80,8.1,broken clouds
225,Puerto Ayacucho,VE,5.6639,-67.6236,85.55,66,87,5.48,overcast clouds
226,Kroya,ID,-7.6331,109.2461,76.06,88,100,3.89,light rain
227,College,US,64.8569,-147.8028,12.29,75,100,2.98,overcast clouds
228,Hualmay,PE,-11.0964,-77.6139,74.25,72,31,9.28,scattered clouds
229,Marienburg,PL,54.0359,19.0266,40.87,55,93,3.36,overcast clouds
230,Vila Franca Do Campo,PT,37.7167,-25.4333,63.01,72,14,17.69,few clouds
231,Owensboro,US,37.7742,-87.1133,59.18,53,1,4.59,clear sky
232,Nuuk,GL,64.1835,-51.7216,36.21,87,20,13.0,few clouds
233,Chumikan,RU,54.7183,135.315,26.83,97,100,12.01,snow
234,Jumla,NP,29.2747,82.1838,48.16,44,2,4.43,clear sky
235,Gayeri,BF,12.6497,0.4931,102.61,16,100,2.08,overcast clouds
236,Koumac,NC,-20.5667,164.2833,79.45,86,100,4.34,overcast clouds
237,Ambo,PE,-10.1308,-76.2047,72.81,58,87,5.01,overcast clouds
238,Saint George,US,37.1041,-113.5841,68.79,25,100,5.01,overcast clouds
239,Sosnovo-Ozerskoye,RU,52.5249,111.5418,17.58,70,100,5.84,overcast clouds
240,Semenyih,MY,2.9516,101.843,78.55,92,100,1.83,overcast clouds
241,Labuhan,ID,-6.8844,112.2051,78.96,85,100,9.13,overcast clouds
242,Sur,OM,22.5667,59.5289,82.76,51,3,6.78,clear sky
243,Callaway,US,30.153,-85.5699,77.92,44,0,8.99,clear sky
244,Hilo,US,19.7297,-155.09,73.13,85,75,0.0,broken clouds
245,Kyra,RU,49.5776,111.9753,29.41,71,81,2.1,broken clouds
246,Beloha,MG,-25.1667,45.05,73.11,84,0,11.05,clear sky
247,Santa Isabel,BR,-23.3156,-46.2214,80.31,67,79,6.29,broken clouds
248,Padang,ID,-0.9492,100.3543,77.95,83,39,2.21,scattered clouds
249,Cairns,AU,-16.9167,145.7667,76.06,96,94,0.0,overcast clouds
250,Cedro,BR,-6.6067,-39.0622,93.04,37,12,4.63,few clouds
251,Xihe,CN,31.6864,113.4659,54.75,64,95,5.28,overcast clouds
252,Lovington,US,32.944,-103.3485,80.04,15,40,4.0,scattered clouds
253,Souillac,MU,-20.5167,57.5167,79.18,78,75,10.36,broken clouds
254,Sorland,NO,67.667,12.6934,30.06,66,91,20.4,light snow
255,Kushmurun,KZ,52.4503,64.6311,36.64,99,100,15.41,overcast clouds
256,Kashirskoye,RU,51.4194,39.6125,39.31,77,100,5.7,overcast clouds
257,Arys,KZ,42.4252,68.795,62.46,40,100,6.06,overcast clouds
258,Ozernovskiy,RU,51.5,156.5167,31.03,89,99,7.76,overcast clouds
259,Comodoro Rivadavia,AR,-45.8667,-67.5,62.46,23,0,23.02,clear sky
260,Aklavik,CA,68.2191,-135.0107,-11.11,94,100,6.46,overcast clouds
261,Kita,ML,13.0349,-9.4895,104.41,12,41,0.78,scattered clouds
262,Mnogovershinnyy,RU,53.9353,139.9242,28.94,94,100,7.31,overcast clouds
263,Sao Filipe,CV,14.8961,-24.4956,71.56,75,26,12.35,scattered clouds
264,Hermanus,ZA,-34.4187,19.2345,66.79,75,19,13.35,few clouds
265,Bundaberg,AU,-24.85,152.35,67.21,97,5,1.99,clear sky
266,Pitimbu,BR,-7.4706,-34.8086,82.44,73,18,14.09,few clouds
267,Kiruna,SE,67.8557,20.2251,18.52,73,40,9.22,scattered clouds
268,Lompoc,US,34.6391,-120.4579,61.12,89,100,5.75,overcast clouds
269,Itarema,BR,-2.9248,-39.9167,82.94,76,54,11.65,broken clouds
270,Muzhi,RU,65.3667,64.6667,20.59,89,100,14.16,overcast clouds
271,Atar,MR,20.5169,-13.0499,89.55,8,0,19.66,clear sky
272,Elko,US,41.0002,-115.5012,45.64,35,8,0.65,clear sky
273,Pacific Grove,US,36.6177,-121.9166,55.51,89,40,3.44,scattered clouds
274,Centenario Do Sul,BR,-22.8211,-51.5953,81.93,60,8,8.5,clear sky
275,Ucluelet,CA,48.9329,-125.5528,45.09,92,100,1.01,light rain
276,Fallon,US,39.4735,-118.7774,58.91,22,60,2.39,broken clouds
277,Petropavlovsk-Kamchatskiy,RU,53.0452,158.6483,15.8,83,42,13.56,scattered clouds
278,High Prairie,CA,55.4334,-116.4858,41.13,58,92,6.15,overcast clouds
279,Arcata,US,40.8665,-124.0828,51.21,84,100,1.01,overcast clouds
280,Cuiluan,CN,47.72,128.648,45.14,54,4,14.29,clear sky
281,Rio Tercero,AR,-32.173,-64.1141,76.44,25,1,18.07,clear sky
282,Zhigansk,RU,66.7697,123.3711,3.7,100,96,8.32,overcast clouds
283,Leh,IN,34.1667,77.5833,26.19,59,41,5.64,scattered clouds
284,Grindavik,IS,63.8424,-22.4338,41.47,93,75,18.41,broken clouds
285,Paramonga,PE,-10.6667,-77.8333,73.74,73,78,9.53,broken clouds
286,Borovskoy,KZ,53.8,64.15,39.6,84,100,15.73,overcast clouds
287,Ekibastuz,KZ,51.6667,75.3667,43.75,72,100,10.8,overcast clouds
288,Nemuro,JP,43.3236,145.575,35.15,85,0,14.85,clear sky
289,Longyearbyen,SJ,78.2186,15.6401,8.44,56,54,21.85,broken clouds
290,Cherskiy,RU,68.75,161.3,-4.41,99,100,3.38,overcast clouds
291,Poum,NC,-20.2333,164.0167,81.7,81,100,18.25,overcast clouds
292,Tiksi,RU,71.6872,128.8694,4.96,98,100,8.05,overcast clouds
293,Meulaboh,ID,4.1363,96.1285,74.21,86,100,5.91,overcast clouds
294,Chancay,PE,-11.5714,-77.2672,73.42,72,71,7.78,broken clouds
295,Launceston,AU,-41.45,147.1667,57.79,87,100,10.36,overcast clouds
296,Palmer,US,42.1584,-72.3287,53.58,36,100,3.0,overcast clouds
297,Meridian,US,43.6121,-116.3915,56.16,33,0,10.0,clear sky
298,Benguela,AO,-12.5763,13.4055,78.19,78,85,5.84,overcast clouds
299,Zhob,PK,31.3411,69.4481,72.84,7,5,5.73,clear sky
300,Trairi,BR,-3.2778,-39.2689,82.81,78,63,9.71,broken clouds
301,Kargasok,RU,59.0556,80.8572,17.46,90,93,7.7,overcast clouds
302,Saurimo,AO,-9.6608,20.3916,67.91,93,98,4.74,light rain
303,Koungheul,SN,13.9833,-14.8,99.61,13,73,9.6,broken clouds
304,Sola,VU,-13.8833,167.55,78.44,81,100,8.5,light rain
305,Muchkapskiy,RU,51.8513,42.4717,41.79,80,100,5.99,overcast clouds
306,Lavrentiya,RU,65.5833,-171.0,-13.83,93,31,10.58,scattered clouds
307,Kosa,RU,59.9445,54.9977,36.66,100,100,11.68,overcast clouds
308,Kupang,ID,-10.1667,123.5833,76.84,86,65,2.13,broken clouds
309,La Ronge,CA,55.1001,-105.2842,33.91,93,70,3.29,broken clouds
310,Bandarbeyla,SO,9.4942,50.8122,80.13,72,38,9.24,scattered clouds
311,Maniitsoq,GL,65.4167,-52.9,34.93,85,40,4.14,scattered clouds
312,Iwanai,JP,42.9744,140.5089,31.35,90,1,5.12,clear sky
313,Pavino,RU,59.1139,46.1414,27.82,93,100,10.25,overcast clouds
314,Panacan,PH,9.2463,118.4082,78.76,86,100,7.23,overcast clouds
315,Baiyin,CN,36.5583,104.2081,49.73,30,100,4.09,overcast clouds
316,Storforshei,NO,66.4043,14.5233,31.66,86,75,6.91,light snow
317,Cap Malheureux,MU,-19.9842,57.6142,79.47,81,63,5.01,broken clouds
318,Khuzdar,PK,27.7384,66.6434,73.31,7,36,7.94,scattered clouds
319,Maragogi,BR,-9.0122,-35.2225,83.07,71,33,11.59,scattered clouds
320,San Rafael,AR,-34.6177,-68.3301,62.55,24,5,10.71,clear sky
321,Marsh Harbour,BS,26.5412,-77.0636,77.65,72,41,14.5,heavy intensity rain
322,Rostovka,RU,55.3842,71.8891,34.52,99,100,7.31,overcast clouds
323,Nacogdoches,US,31.6002,-94.6335,78.44,61,0,6.08,clear sky
324,Xichang,CN,27.8964,102.2634,55.27,68,77,2.57,broken clouds
325,Chara,RU,56.9064,118.2631,5.79,78,98,4.72,overcast clouds
326,Sioux Lookout,CA,50.1001,-91.917,31.73,85,100,3.13,overcast clouds
327,Katsuura,JP,35.1333,140.3,55.72,75,100,17.56,light rain
328,Port Keats,AU,-14.25,129.55,79.99,75,92,4.76,overcast clouds
329,Saint-Leu,RE,-21.15,55.2833,74.26,77,88,2.21,light rain
330,Lata,PT,40.1629,-8.3327,56.8,25,16,10.33,few clouds
331,Marsaxlokk,MT,35.8419,14.5431,57.81,58,0,5.75,clear sky
332,Vostok,RU,46.4856,135.8833,28.54,82,0,7.09,clear sky
333,Ponta Delgada,PT,37.7333,-25.6667,63.32,72,20,17.27,few clouds
334,Baykit,RU,61.67,96.37,2.39,100,61,2.89,broken clouds
335,Sesquile,CO,5.0475,-73.8008,65.75,60,98,4.72,overcast clouds
336,Oneonta,US,42.4529,-75.0638,39.11,97,100,1.07,overcast clouds
337,Vila Velha,BR,-20.3297,-40.2925,84.94,76,18,1.01,few clouds
338,Lorengau,PG,-2.0226,147.2712,79.61,80,100,2.26,overcast clouds
339,Asau,RO,46.4333,26.4,34.72,90,100,2.89,overcast clouds
340,Nushki,PK,29.5542,66.0215,74.75,7,17,5.84,few clouds
341,Bar Harbor,US,44.3876,-68.2039,48.34,42,100,8.01,overcast clouds
342,Batemans Bay,AU,-35.7167,150.1833,64.09,57,47,8.1,scattered clouds
343,Komsomolskiy,UZ,40.4272,71.7189,65.32,35,20,4.38,few clouds
344,Santa Cruz Del Sur,CU,20.7147,-77.9956,84.78,60,27,11.43,light rain
345,Leningradskiy,RU,69.3833,178.4167,-23.24,100,99,3.09,overcast clouds
346,Port Blair,IN,11.6667,92.75,81.21,77,22,11.25,few clouds
347,Bilibino,RU,68.0546,166.4372,-8.82,97,95,4.59,overcast clouds
348,Bria,CF,6.5423,21.9863,82.53,52,100,7.54,overcast clouds
349,Hamina,FI,60.5697,27.1979,36.68,86,66,6.15,broken clouds
350,Mattru,SL,7.6244,-11.8332,89.38,54,84,6.33,light rain
351,Pisco,PE,-13.7,-76.2167,75.11,66,44,7.63,scattered clouds
352,Qui Nhon,VN,13.7667,109.2333,71.42,87,100,17.02,overcast clouds
353,Hamilton,US,39.1834,-84.5333,51.24,61,75,8.05,broken clouds
354,Todos Santos,MX,23.45,-110.2167,69.46,57,0,9.26,clear sky
355,Tiarei,PF,-17.5333,-149.3333,78.82,78,23,8.72,light rain
356,Jardim,BR,-21.4803,-56.1381,89.42,48,18,9.26,few clouds
357,Waipawa,NZ,-41.4122,175.5153,51.31,93,11,2.93,few clouds
358,Rio Grande,BR,-32.035,-52.0986,67.95,92,100,14.18,light rain
359,Sao Miguel Do Araguaia,BR,-13.275,-50.1628,87.15,43,12,6.89,few clouds
360,Adrar,MR,20.5022,-10.0711,94.87,7,0,19.48,clear sky
361,Bardiyah,LY,31.7561,25.0865,66.16,57,39,9.08,scattered clouds
362,Farafangana,MG,-22.8167,47.8333,75.4,84,0,4.88,clear sky
363,Bara,NG,10.3744,10.7288,98.01,6,99,1.63,overcast clouds
364,Kruisfontein,ZA,-34.0033,24.7314,63.88,78,84,2.28,broken clouds
365,Vila,PT,42.0304,-8.1588,47.28,52,60,10.65,broken clouds
366,Itaqui,BR,-29.1253,-56.5531,67.23,98,100,3.65,heavy intensity rain
367,Grand Baie,MU,-20.0182,57.5802,79.45,81,59,5.01,broken clouds
368,Billings,US,45.7833,-108.5007,48.29,36,0,15.01,clear sky
369,Kurilsk,RU,45.2333,147.8833,35.83,74,1,11.7,clear sky
370,Radcliff,US,37.8404,-85.9491,56.1,46,0,4.61,clear sky
371,San Vicente,AR,-26.6167,-54.1333,81.7,49,87,7.27,overcast clouds
372,Margate,GB,51.3813,1.3862,47.7,47,42,1.01,scattered clouds
373,Banyo,CM,6.75,11.8167,85.75,25,100,7.05,overcast clouds
374,Mana,GF,5.6592,-53.7767,81.88,77,47,11.01,scattered clouds
375,Bonavista,CA,48.6499,-53.1147,36.77,83,100,13.98,overcast clouds
376,Alta,NO,69.9689,23.2717,27.66,72,75,17.0,broken clouds
377,Ixtapa,MX,20.7,-105.2,84.45,36,100,5.1,overcast clouds
378,Killin,US,33.6123,-91.7412,69.89,42,0,11.5,clear sky
379,Bulawayo,ZW,-20.15,28.5833,69.04,66,82,2.57,broken clouds
380,Umea,SE,63.8284,20.2597,33.73,80,75,4.61,broken clouds
381,Hovd,MN,48.0056,91.6419,43.27,27,49,4.92,scattered clouds
382,Esperance,AU,-33.8667,121.9,65.98,86,100,10.51,overcast clouds
383,Saint-Louis,SN,16.3333,-15.0,93.79,16,10,18.45,clear sky
384,Bilma,NE,18.6853,12.9164,95.92,3,100,6.98,overcast clouds
385,Grants,US,35.1473,-107.8514,61.03,25,0,12.66,clear sky
386,Alto Araguaia,BR,-17.3147,-53.2153,83.16,58,7,8.23,clear sky
387,Alappuzha,IN,9.49,76.3264,81.52,78,62,1.05,broken clouds
388,Grand Gaube,MU,-20.0064,57.6608,79.38,81,68,5.01,broken clouds
389,Saint-Francois,FR,46.4154,3.9054,39.67,66,0,6.91,clear sky
390,Juba,SS,4.8517,31.5825,85.69,37,100,0.81,overcast clouds
391,Auki,SB,-8.7676,160.7034,76.98,88,90,8.61,overcast clouds
392,Izhma,RU,65.0083,53.9113,23.88,93,100,10.94,light snow
393,Nyurba,RU,63.2842,118.3319,-4.07,100,89,1.74,overcast clouds
394,Simao,CN,22.7886,100.9748,55.71,77,33,3.15,scattered clouds
395,Uong Bi,VN,21.0333,106.7833,64.38,70,2,2.75,clear sky
396,Rantepao,ID,-2.9701,119.8978,66.27,97,100,2.82,overcast clouds
397,Birjand,IR,32.8663,59.2211,66.67,12,0,6.91,clear sky
398,Husavik,IS,66.0449,-17.3389,32.07,95,100,13.58,light snow
399,Cayenne,GF,4.9333,-52.3333,82.09,1,75,5.01,broken clouds
400,Liverpool,GB,53.4106,-2.9779,49.14,69,20,17.27,few clouds
401,Pangody,RU,65.85,74.4859,4.57,96,57,8.75,broken clouds
402,Clarence Town,AU,-32.5833,151.7833,64.81,72,100,2.73,overcast clouds
403,Haines Junction,CA,60.7522,-137.5108,22.33,92,86,0.4,overcast clouds
404,Campos Belos,BR,-13.0367,-46.7717,89.64,32,6,6.35,clear sky
405,Henties Bay,NA,-22.116,14.2845,62.15,81,6,7.65,clear sky
406,Watsa,CD,3.0372,29.5355,68.74,91,97,1.43,moderate rain
407,Svetlogorsk,BY,52.6333,29.7333,29.97,86,100,4.76,overcast clouds
408,Axim,GH,4.8699,-2.2405,83.95,77,100,12.8,overcast clouds
409,Canosa Di Puglia,IT,41.2196,16.0675,52.57,74,66,3.83,broken clouds
410,Emilio Carranza,MX,19.9711,-96.6114,78.6,74,91,5.12,overcast clouds
411,Mokhsogollokh,RU,61.4681,128.9203,16.11,96,100,3.0,light snow
412,Meybod,IR,32.2501,54.0166,77.18,11,18,3.51,few clouds
413,Erzin,TR,36.9559,36.2,58.28,70,67,4.76,broken clouds
414,Fort Frances,CA,48.5999,-93.4003,37.17,63,100,5.75,overcast clouds
415,Horta,PT,38.5333,-28.6333,64.04,72,40,11.5,scattered clouds
416,Turkan,AZ,40.3639,50.215,68.18,45,0,11.5,clear sky
417,Nerchinskiy Zavod,RU,51.3088,119.61,28.26,51,45,11.99,scattered clouds
418,Saint-Pierre,RE,-21.3393,55.4781,74.88,88,100,4.61,overcast clouds
419,Naze,JP,28.3667,129.4833,58.64,66,100,12.08,overcast clouds
420,Mao,ES,39.8885,4.2658,48.76,57,40,19.57,scattered clouds
421,Mandalgovi,MN,45.7625,106.2708,42.31,20,100,7.27,overcast clouds
422,Nizwa,OM,22.9333,57.5333,83.91,13,1,4.52,clear sky
423,Celestun,MX,20.8667,-90.4,85.14,61,1,11.5,clear sky
424,Oistins,BB,13.0667,-59.5333,79.72,68,69,14.36,broken clouds
425,Necochea,AR,-38.5473,-58.7368,65.46,61,80,16.33,broken clouds
426,Marfino,RU,55.7028,37.3822,34.05,44,0,6.71,clear sky
427,Marsa Matruh,EG,31.3525,27.2453,66.51,58,50,10.38,scattered clouds
428,Hofn,IS,64.2539,-15.2082,38.68,92,100,12.91,overcast clouds
429,Turayf,SA,31.6725,38.6637,76.23,11,63,9.75,broken clouds
430,Bahia Blanca,AR,-38.7196,-62.2724,60.37,36,74,19.55,broken clouds
431,Geraldton,AU,-28.7667,114.6,73.81,88,75,13.8,moderate rain
432,Kondinskoye,RU,59.6481,67.41,33.37,96,100,17.07,light snow
433,Taltal,CL,-25.4,-70.4833,67.98,66,4,7.09,clear sky
434,Santa Cruz Del Norte,CU,23.1539,-81.9236,84.85,54,20,4.94,few clouds
435,Kenai,US,60.5544,-151.2583,31.14,79,100,8.01,overcast clouds
436,Sigli,ID,5.3848,95.9609,77.63,79,100,4.63,overcast clouds
437,Vilhena,BR,-12.7406,-60.1458,86.22,53,26,0.47,scattered clouds
438,Juneau,US,58.3019,-134.4197,36.21,99,100,7.92,light snow
439,Tucuman,AR,-26.8241,-65.2226,79.23,37,0,5.88,clear sky
440,Vardo,NO,70.3705,31.1107,26.58,93,100,17.27,shower snow
441,Kawalu,ID,-7.3817,108.2082,72.25,97,100,3.0,light rain
442,Wanning,CN,18.8003,110.3967,67.01,78,100,9.98,overcast clouds
443,General Pico,AR,-35.6566,-63.7568,65.95,24,8,16.55,clear sky
444,Phan Thiet,VN,10.9333,108.1,78.67,70,98,9.95,overcast clouds
445,Praia,CV,14.9215,-23.5087,75.74,57,20,12.66,few clouds
446,Endicott,US,42.0984,-76.0494,43.05,87,100,6.91,light rain
447,Ligayan,PH,4.6533,119.4706,81.57,73,100,9.19,overcast clouds
448,Konstantinovka,RU,49.6167,127.9833,38.71,66,51,14.36,broken clouds
449,Bell Ville,AR,-32.6259,-62.6887,80.8,33,0,6.93,clear sky
450,Sabha,LY,27.0377,14.4283,90.39,5,0,10.71,clear sky
451,Bassar,TG,9.25,0.7833,88.45,39,99,6.71,overcast clouds
452,Coihaique,CL,-45.5752,-72.0662,46.2,81,91,11.16,overcast clouds
453,Sisimiut,GL,66.9395,-53.6735,35.35,88,75,1.43,broken clouds
454,Deputatskiy,RU,69.3,139.9,-19.26,99,47,2.39,scattered clouds
455,Manokwari,ID,-0.8667,134.0833,77.85,81,100,3.65,overcast clouds
456,Pangai,TO,-19.8,-174.35,81.03,74,9,9.24,clear sky
457,Burgeo,CA,47.6167,-57.6152,35.08,87,72,24.92,broken clouds
458,Portland,US,45.5234,-122.6762,49.98,79,100,7.0,overcast clouds
459,West Wendover,US,40.7391,-114.0733,48.97,23,81,2.71,broken clouds
460,Tulu Bolo,ET,8.6667,38.2167,70.88,34,95,14.32,overcast clouds
461,Nabire,ID,-3.3667,135.4833,75.74,87,76,4.03,broken clouds
462,Koster,ZA,-25.863,26.8976,59.32,84,97,5.41,light rain
463,Flin Flon,CA,54.7682,-101.865,32.41,78,100,7.18,overcast clouds
464,Yongchang,CN,30.0381,119.7317,42.4,77,25,3.0,scattered clouds
465,Derzhavinsk,KZ,51.1,66.3167,38.88,89,100,12.46,overcast clouds
466,Mut,TR,36.6439,33.4389,67.19,44,99,3.49,overcast clouds
467,Kavaratti,IN,10.5669,72.642,82.69,72,61,8.1,broken clouds
468,Garango,BF,11.8,-0.5506,99.52,24,100,4.47,overcast clouds
469,Barra Patuca,HN,15.8,-84.2833,85.26,61,73,10.74,broken clouds
470,Lensk,RU,60.7253,114.9278,13.15,91,99,7.54,overcast clouds
471,Cap-Aux-Meules,CA,47.3821,-61.8597,31.05,80,9,24.72,clear sky
472,Tete,MZ,-16.1564,33.5867,79.23,77,87,3.83,overcast clouds
473,Avera,US,33.194,-82.5271,70.92,35,0,12.91,clear sky
474,Moussoro,TD,13.6408,16.4901,96.69,6,100,6.78,overcast clouds
475,Prado,BR,-17.3411,-39.2208,84.15,58,19,8.14,few clouds
476,Nantucket,US,41.2835,-70.0995,50.11,76,20,13.8,few clouds
477,Innisfail,AU,-17.5333,146.0333,74.8,90,86,4.23,overcast clouds
478,Asmara,ER,15.3333,38.9333,62.01,59,9,5.44,clear sky
479,Nedjo,ET,9.5046,35.5019,73.51,24,100,2.86,overcast clouds
480,Byron Bay,AU,-28.65,153.6167,64.94,87,26,7.65,scattered clouds
481,Sao Tome,ST,0.3365,6.7273,82.36,79,99,6.73,light rain
482,Itabira,BR,-19.6192,-43.2269,79.11,59,71,2.53,broken clouds
483,Dhidhdhoo,MV,6.8833,73.1,83.59,69,19,2.86,few clouds
484,Lokosovo,RU,61.1333,74.8167,26.69,91,100,11.81,overcast clouds
485,Ilesha,NG,7.1371,5.2583,86.86,55,94,9.08,overcast clouds
486,Sarangani,PH,5.4033,125.4636,81.19,73,87,0.85,overcast clouds
487,Severo-Kurilsk,RU,50.6789,156.125,29.08,86,22,12.39,few clouds
488,Piacabucu,BR,-10.4056,-36.4344,84.38,62,80,11.05,broken clouds
489,Kotido,UG,2.9806,34.1331,81.32,34,99,16.73,overcast clouds
490,Kloulklubed,PW,7.0419,134.2556,75.7,78,100,4.72,light rain
491,Sumbawanga,TZ,-7.9667,31.6167,59.32,90,99,1.66,overcast clouds
492,Igarka,RU,67.4667,86.5833,-5.96,100,68,1.48,broken clouds
493,Manzanillo,CU,20.3433,-77.1167,88.83,48,37,10.02,scattered clouds
494,Bogande,BF,12.9714,-0.1436,104.05,14,83,3.24,broken clouds
495,Teya,RU,60.3778,92.6267,2.01,99,77,3.47,broken clouds
496,Kurumkan,RU,54.3,110.3,8.98,83,40,5.12,scattered clouds
497,Jiaxing,CN,30.7522,120.75,42.8,81,12,5.59,few clouds
498,Aykhal,RU,66.0,111.5,3.65,99,98,7.74,overcast clouds
499,Carahue,CL,-38.7,-73.1667,60.78,40,62,6.06,broken clouds
500,Sadri,IN,25.1833,73.4333,84.76,11,0,4.81,clear sky
501,Bathsheba,BB,13.2167,-59.5167,80.87,67,76,15.64,broken clouds
502,Lakes Entrance,AU,-37.8811,147.981,58.15,93,100,22.15,overcast clouds
503,Okha,RU,53.5739,142.9478,32.68,87,100,10.51,overcast clouds
504,Broome,US,42.2506,-75.833,42.71,86,100,6.91,mist
505,Richards Bay,ZA,-28.783,32.0377,74.93,88,100,6.13,overcast clouds
506,Emerald,AU,-23.5333,148.1667,72.34,73,15,9.06,few clouds
507,Gigmoto,PH,13.7796,124.39,78.64,85,38,11.52,scattered clouds
508,Northam,GB,51.0333,-4.2167,49.6,61,56,9.86,broken clouds
509,Banjar,ID,-8.19,114.9675,76.64,89,85,3.31,overcast clouds
510,Kautokeino,NO,69.0125,23.0412,17.78,96,86,7.72,light snow
511,Timaru,NZ,-44.4,171.25,51.04,93,83,3.33,broken clouds
512,Chanika,TZ,-5.4167,38.0167,74.08,71,73,7.92,broken clouds
513,Westport,US,41.1415,-73.3579,45.32,90,100,5.75,moderate rain
514,Lokoja,NG,7.8024,6.743,101.89,21,43,2.28,scattered clouds
515,Muisne,EC,0.6,-80.0333,80.13,80,100,8.41,overcast clouds
516,Nouakchott,MR,18.0858,-15.9785,71.53,71,36,19.33,scattered clouds
517,Zhezkazgan,KZ,47.8043,67.7144,55.0,40,100,8.34,overcast clouds
518,Baglan,AF,36.1307,68.7083,65.48,35,0,2.28,clear sky
519,San Luis,AR,-33.295,-66.3356,64.69,33,7,17.98,clear sky
520,Kampene,CD,-3.6,26.6667,70.36,97,80,0.78,light rain
521,Quang Ngai,VN,15.1167,108.8,66.88,94,100,9.17,overcast clouds
522,The Valley,AI,18.217,-63.0578,83.1,57,20,16.11,few clouds
523,Bratsk,RU,56.1325,101.6142,16.29,92,60,1.97,broken clouds
524,Mangaratiba,BR,-22.9597,-44.0406,76.78,83,51,4.14,broken clouds
525,Nome,US,64.5011,-165.4064,0.59,83,59,5.77,broken clouds
526,Pimentel,PE,-6.8367,-79.9342,74.1,71,29,13.35,scattered clouds
527,Tura,IN,25.5198,90.2201,71.92,89,7,8.1,clear sky
528,Mahibadhoo,MV,3.7833,72.9667,83.16,69,8,1.79,clear sky
529,Rawson,AR,-43.3002,-65.1023,61.05,29,97,21.05,overcast clouds
530,Alfeld,DE,51.9838,9.8199,44.58,73,100,3.0,overcast clouds
531,Wenling,CN,28.3669,121.36,47.37,78,0,7.56,clear sky
532,Anadyr,RU,64.75,177.4833,-18.74,97,60,7.38,broken clouds
533,Asfi,MA,32.2994,-9.2372,61.66,74,12,13.87,few clouds
534,Zhangjiakou,CN,40.81,114.8794,47.98,27,13,3.47,few clouds
535,Awjilah,LY,29.1081,21.2869,85.5,10,0,10.51,clear sky
536,Mount Isa,AU,-20.7333,139.5,67.77,37,3,0.0,light rain
537,Vung Tau,VN,10.346,107.0843,81.12,72,100,13.58,overcast clouds
538,Belyy Yar,RU,53.6039,91.3903,40.89,87,0,4.47,light rain
539,Coahuayana,MX,18.7333,-103.6833,85.1,36,23,5.88,few clouds
540,Kedrovyy,RU,56.1667,91.8167,25.21,98,100,3.13,overcast clouds
541,Arrah,IN,25.5667,84.6667,80.49,21,0,7.18,clear sky
542,Palu,ID,-0.8917,119.8707,75.97,96,100,1.9,overcast clouds
543,Zhaoyang,CN,42.682,126.0305,42.58,60,4,9.93,clear sky
544,Hirara,JP,24.8,125.2833,68.88,71,100,25.9,overcast clouds
545,Santa Marta,CO,11.2408,-74.199,84.45,68,66,14.85,broken clouds
546,Sept-Iles,CA,50.2001,-66.3821,33.78,87,9,7.78,clear sky
547,Elizabeth City,US,36.2946,-76.2511,69.82,40,0,13.8,clear sky
548,Casma,CL,-41.0082,-73.1244,56.25,65,69,3.06,broken clouds
549,Morant Bay,JM,17.8815,-76.4093,87.71,63,7,11.52,clear sky
550,San Quintin,MX,30.4833,-115.95,60.26,66,100,6.22,overcast clouds
551,Pangnirtung,CA,66.1451,-65.7125,29.32,77,100,2.91,overcast clouds
552,Tres Pontas,BR,-21.3667,-45.5125,75.47,72,88,8.05,overcast clouds
553,Madang,PG,-5.2246,145.7966,76.33,93,100,4.23,overcast clouds
554,Port Lincoln,AU,-34.7333,135.8667,60.26,82,22,3.42,few clouds
555,San Matias,BO,-16.3667,-58.4,89.44,52,6,6.02,clear sky
556,Puerto Del Rosario,ES,28.5004,-13.8627,69.55,68,75,21.85,broken clouds
557,Faya,SA,18.3851,42.4509,68.52,37,4,5.41,clear sky
558,Waterfoot,GB,53.6929,-2.2525,46.56,68,89,8.01,overcast clouds
559,Laguna,US,38.421,-121.4238,71.08,39,0,1.99,clear sky
560,Matata,NZ,-37.8833,176.75,59.05,93,10,4.5,clear sky
561,Shubarshi,KZ,48.5872,57.1869,50.16,64,75,13.85,broken clouds
562,Bulungu,CD,-4.55,18.6,76.41,79,95,1.41,light rain
563,New Richmond,US,45.123,-92.5366,45.09,48,0,3.44,clear sky
564,Carbondale,US,37.7273,-89.2168,60.06,38,0,5.75,clear sky
565,Jizan,SA,17.3333,42.6667,84.85,49,3,2.64,clear sky
566,Khani,GE,41.9563,42.9566,51.37,89,100,5.48,overcast clouds
567,Ulladulla,AU,-35.35,150.4667,63.28,56,4,9.71,clear sky
568,Buribay,RU,51.9617,58.1592,41.09,83,100,8.55,overcast clouds
569,Ahipara,NZ,-35.1667,173.1667,61.75,92,3,2.59,clear sky
570,Vetluga,RU,57.8557,45.781,29.57,96,100,8.79,light snow
571,Tangwani,PK,28.2787,68.9972,85.21,5,4,4.23,clear sky
572,Karratha,AU,-20.7377,116.8463,82.15,70,0,11.39,clear sky
573,Eyl,SO,7.9803,49.8164,79.7,74,16,12.12,few clouds
574,Nobeoka,JP,32.5833,131.6667,47.19,62,0,6.29,clear sky
575,Birin,NP,26.8865,88.0718,62.4,72,25,4.14,scattered clouds
576,Bridlington,GB,54.0831,-0.1919,49.89,60,97,13.0,overcast clouds
577,Teguise,ES,29.0605,-13.564,64.62,83,40,9.22,scattered clouds
578,Carutapera,BR,-1.195,-46.02,84.63,72,42,8.7,moderate rain
579,Sawakin,SD,19.1059,37.3321,80.91,66,99,9.4,overcast clouds
580,Buin,CL,-33.7333,-70.75,73.06,31,0,5.41,clear sky
581,Omsukchan,RU,62.5333,155.8,-7.73,100,85,2.51,overcast clouds
582,Narsaq,GL,60.9167,-46.05,43.02,65,99,3.62,overcast clouds
583,Abbeville,FR,50.1,1.8333,46.49,62,87,9.4,overcast clouds
584,Zyryanka,RU,65.75,150.85,-20.47,100,40,1.07,scattered clouds
585,Balakhta,RU,55.38,91.6,22.84,97,100,3.83,overcast clouds
586,Lafia,NG,8.4833,8.5167,99.03,26,100,4.0,overcast clouds
587,Uyemskiy,RU,64.4743,40.8524,26.65,43,40,4.47,scattered clouds
588,Nong Khai,TH,17.9167,103.0833,70.29,51,69,6.64,broken clouds
589,Pareora,NZ,-44.4871,171.2132,52.29,92,86,3.53,overcast clouds
590,Vacaria,BR,-28.5122,-50.9339,63.32,91,100,10.69,moderate rain
591,Brainerd,US,46.358,-94.2008,37.65,52,0,4.61,clear sky
592,Lahij,YE,13.1667,44.5833,80.56,39,13,5.14,few clouds
593,Alpena,US,45.0617,-83.4327,37.72,90,100,5.75,overcast clouds
594,Maine-Soroa,NE,13.2114,12.0241,97.36,5,84,8.39,broken clouds
595,Batagay-Alyta,RU,67.8006,130.4114,1.8,98,99,3.4,overcast clouds
596,Bud,US,39.447,-86.1758,55.89,63,2,10.65,clear sky
597,Santa Lucia,ES,27.9117,-15.5407,61.92,83,20,19.57,few clouds
598,Lhokseumawe,ID,5.1801,97.1507,78.24,81,100,2.28,overcast clouds
599,High Level,CA,58.5169,-117.136,26.44,91,95,7.96,overcast clouds
600,Belgrade,RS,44.804,20.4651,39.33,79,40,11.5,scattered clouds
601,Slanic-Moldova,RO,46.2,26.4333,33.46,84,100,1.77,light snow
602,Warrnambool,AU,-38.3833,142.4833,58.8,83,80,6.24,broken clouds
603,Paragominas,BR,-2.9667,-47.4833,83.77,82,61,4.92,broken clouds
604,Los Llanos De Aridane,ES,28.6585,-17.9182,65.95,82,40,16.11,scattered clouds
605,Alugan,PH,12.2188,125.4808,79.12,85,78,12.39,broken clouds
606,Hondo,JP,32.45,130.2,52.12,58,0,7.31,clear sky
607,Odweyne,SO,9.4092,45.064,77.86,43,4,13.47,clear sky
608,Nago,JP,26.5881,127.9761,64.83,80,100,15.46,overcast clouds
609,Illapel,CL,-31.6308,-71.1653,76.8,37,3,7.72,clear sky
610,Lubsko,PL,51.7847,14.972,41.92,46,95,8.1,overcast clouds
611,Verkhnetulomskiy,RU,68.6073,31.7962,24.93,97,100,3.29,overcast clouds
612,Humberto De Campos,BR,-2.5983,-43.4611,87.42,61,93,8.12,overcast clouds
613,Lima Duarte,BR,-21.8425,-43.7931,75.09,82,77,4.34,broken clouds
614,Plouzane,FR,48.3833,-4.6167,48.38,42,0,12.66,clear sky
615,Erzurum,TR,40.0,41.5,49.68,77,94,4.14,overcast clouds
616,Zharkent,KZ,44.1628,80.0,59.76,36,0,6.64,clear sky
617,Benalla,AU,-36.55,145.9833,56.86,89,100,1.07,overcast clouds
618,Ust-Tsilma,RU,65.441,52.1498,23.65,92,100,9.62,light snow
619,Yarega,RU,63.4354,53.5765,23.85,95,100,11.39,snow
620,Igrim,RU,63.1906,64.4162,25.14,95,100,15.55,snow
621,Kihei,US,20.785,-156.4656,74.84,74,40,14.97,scattered clouds
622,Ayna,PE,-12.65,-73.9167,73.44,59,73,5.12,broken clouds
623,Priego De Cordoba,ES,37.4381,-4.1952,56.08,42,100,1.95,overcast clouds
624,Adelaide,AU,-34.9333,138.6,57.29,79,0,4.61,clear sky
625,Saint Anthony,US,45.0205,-93.218,43.99,55,57,3.0,broken clouds
626,Madarounfa,NE,13.3087,7.156,101.52,5,33,6.58,scattered clouds
627,Takoradi,GH,4.8845,-1.7554,85.78,72,95,15.14,overcast clouds
628,Ajdabiya,LY,30.7554,20.2263,82.62,14,0,6.26,clear sky
629,Borogontsy,RU,62.6683,131.1683,15.53,97,100,4.03,light snow
630,Kuusamo,FI,65.9667,29.1833,23.04,63,40,4.61,scattered clouds
631,Yulara,AU,-25.2406,130.9889,63.0,29,0,7.47,clear sky
632,Port-Cartier,CA,50.0334,-66.8654,33.1,91,8,8.16,clear sky
633,Port Hardy,CA,50.6996,-127.4199,39.38,93,75,5.75,broken clouds
634,Paracuru,BR,-3.41,-39.0306,83.1,78,37,10.87,scattered clouds
635,Cordoba,AR,-31.4135,-64.1811,82.42,26,0,21.85,clear sky
636,Verkhoyansk,RU,67.5447,133.385,-5.66,100,97,2.26,overcast clouds
637,La Tuque,CA,47.4334,-72.7824,36.84,86,100,7.49,overcast clouds
638,Aripuana,BR,-9.1667,-60.6333,89.44,55,48,0.81,scattered clouds
639,Mosquera,CO,4.7059,-74.2302,66.29,55,40,8.05,scattered clouds
640,Roebourne,AU,-20.7833,117.1333,82.22,69,0,12.28,clear sky
641,Abu Kamal,SY,34.4506,40.9171,77.77,24,100,9.89,overcast clouds
642,Verkhniy Baskunchak,RU,48.2256,46.7217,60.6,52,100,10.56,moderate rain
643,San Andres,CO,12.5847,-81.7006,80.35,78,27,18.25,scattered clouds
644,Donskoye,RU,45.4552,41.9741,60.93,67,80,6.69,broken clouds
645,Lingao,CN,19.9103,109.6859,64.72,73,67,11.27,broken clouds
646,Tekeli,KZ,44.83,78.8239,39.07,50,0,11.81,clear sky
647,Trelew,AR,-43.249,-65.3051,62.85,22,93,23.02,overcast clouds
648,Arinos,BR,-15.9169,-46.1056,93.06,27,1,8.43,clear sky
649,Ryde,GB,50.73,-1.1621,48.85,63,79,5.99,broken clouds
650,Davidson,US,36.1501,-86.7833,60.64,45,0,8.05,clear sky
651,Santa Maria,BR,-29.6842,-53.8069,63.7,100,100,8.05,moderate rain
652,Glendive,US,47.1053,-104.7125,46.49,61,0,26.46,clear sky
653,Katakwi,UG,1.8911,33.9661,82.44,33,68,13.82,broken clouds
654,Acari,PE,-15.4311,-74.6158,81.16,55,40,10.2,scattered clouds
655,Carira,BR,-10.3608,-37.7011,89.13,36,64,15.59,broken clouds
656,Severnyy,RU,50.677,36.5532,35.64,80,75,8.95,broken clouds
657,Katherine,AU,-14.4667,132.2667,80.92,44,30,8.05,scattered clouds
658,Ocos,GT,14.5094,-92.1933,91.58,61,6,13.02,clear sky
659,Brora,GB,58.0099,-3.8518,49.05,83,100,18.95,overcast clouds
660,Saint-Quentin,FR,49.8333,3.3333,44.69,64,85,5.32,overcast clouds
661,Angoche,MZ,-16.2325,39.9086,78.69,76,5,5.91,clear sky
662,Vao,NC,-22.6667,167.4833,78.71,88,100,21.54,overcast clouds
663,Wewak,PG,-3.5534,143.6268,79.83,83,99,2.95,light rain
664,Novodugino,RU,55.6305,34.2842,21.25,90,100,4.09,overcast clouds
665,Zhengjiatun,CN,43.5064,123.5064,48.13,42,0,23.8,clear sky
666,Pauini,BR,-7.7136,-66.9764,88.3,51,51,2.59,broken clouds
